Train_MSE,Train_R2,test_mape,Test_R2
391655680661847.0,0.6387644592087187,332867690987445.5,0.7092263730858297
